{
    "config": "/data/timer/Segmentation/SegNeXt/local_configs/segnext/base/segnext.base.512x512.ade.160k.py",
    "metric": {
        "aAcc": 0.9873999999999999,
        "mIoU": 0.7964,
        "mAcc": 0.8687,
        "IoU.unlabelled": 0.9876000213623047,
        "IoU.car": 0.9255000305175781,
        "IoU.person": 0.7666999816894531,
        "IoU.bike": 0.7395999908447266,
        "IoU.curve": 0.6462000274658203,
        "IoU.car_stop": 0.7962000274658203,
        "IoU.guardrail": 0.8063999938964844,
        "IoU.color_cone": 0.6891999816894532,
        "IoU.bump": 0.8105999755859375,
        "Acc.unlabelled": 0.9941999816894531,
        "Acc.car": 0.9626000213623047,
        "Acc.person": 0.8691999816894531,
        "Acc.bike": 0.8373000335693359,
        "Acc.curve": 0.7570999908447266,
        "Acc.car_stop": 0.8909999847412109,
        "Acc.guardrail": 0.8423000335693359,
        "Acc.color_cone": 0.7848000335693359,
        "Acc.bump": 0.8798000335693359
    }
}