{
    "config": "/data/timer/Segmentation/SegNeXt/local_configs/segnext/base/segnext.base.512x512.ade.160k.py",
    "metric": {
        "aAcc": 0.9873999999999999,
        "mIoU": 0.7935,
        "mAcc": 0.865,
        "IoU.unlabelled": 0.9876000213623047,
        "IoU.car": 0.9262999725341797,
        "IoU.person": 0.7720999908447266,
        "IoU.bike": 0.7386000061035156,
        "IoU.curve": 0.6391999816894531,
        "IoU.car_stop": 0.79,
        "IoU.guardrail": 0.7915000152587891,
        "IoU.color_cone": 0.695,
        "IoU.bump": 0.8008999633789062,
        "Acc.unlabelled": 0.9943000030517578,
        "Acc.car": 0.9625,
        "Acc.person": 0.8731999969482422,
        "Acc.bike": 0.8362999725341796,
        "Acc.curve": 0.7466999816894532,
        "Acc.car_stop": 0.8820999908447266,
        "Acc.guardrail": 0.8252999877929688,
        "Acc.color_cone": 0.7887000274658204,
        "Acc.bump": 0.875999984741211
    }
}