{
    "config": "/data/timer/Segmentation/SegNeXt/local_configs/segnext/base/segnext.base.512x512.ade.160k.py",
    "metric": {
        "aAcc": 0.9873999999999999,
        "mIoU": 0.7975,
        "mAcc": 0.8693000000000001,
        "IoU.unlabelled": 0.9876000213623047,
        "IoU.car": 0.925,
        "IoU.person": 0.7659999847412109,
        "IoU.bike": 0.7394999694824219,
        "IoU.curve": 0.6466999816894531,
        "IoU.car_stop": 0.7979000091552735,
        "IoU.guardrail": 0.8137999725341797,
        "IoU.color_cone": 0.6893000030517578,
        "IoU.bump": 0.811500015258789,
        "Acc.unlabelled": 0.9941999816894531,
        "Acc.car": 0.9622000122070312,
        "Acc.person": 0.8680999755859375,
        "Acc.bike": 0.8380999755859375,
        "Acc.curve": 0.7583000183105468,
        "Acc.car_stop": 0.8905999755859375,
        "Acc.guardrail": 0.8497000122070313,
        "Acc.color_cone": 0.7851000213623047,
        "Acc.bump": 0.8776000213623046
    }
}