{
    "config": "/data/timer/Segmentation/SegNeXt/local_configs/segnext/base/segnext.base.512x512.ade.160k.py",
    "metric": {
        "aAcc": 0.987,
        "mIoU": 0.7914,
        "mAcc": 0.8662000000000001,
        "IoU.unlabelled": 0.9872000122070312,
        "IoU.car": 0.9233999633789063,
        "IoU.person": 0.7587999725341796,
        "IoU.bike": 0.7330000305175781,
        "IoU.curve": 0.6433999633789063,
        "IoU.car_stop": 0.7908000183105469,
        "IoU.guardrail": 0.7966999816894531,
        "IoU.color_cone": 0.6788999938964844,
        "IoU.bump": 0.810199966430664,
        "Acc.unlabelled": 0.9938999938964844,
        "Acc.car": 0.9625,
        "Acc.person": 0.865999984741211,
        "Acc.bike": 0.8358000183105468,
        "Acc.curve": 0.7605000305175781,
        "Acc.car_stop": 0.8837000274658203,
        "Acc.guardrail": 0.8323000335693359,
        "Acc.color_cone": 0.7727999877929688,
        "Acc.bump": 0.8883000183105468
    }
}