{
    "config": "/data/timer/Segmentation/SegNeXt/local_configs/segnext/base/segnext.base.512x512.ade.160k.py",
    "metric": {
        "aAcc": 0.9815999999999999,
        "mIoU": 0.5728,
        "mAcc": 0.6748000000000001,
        "IoU.unlabelled": 0.9822000122070312,
        "IoU.car": 0.8876999664306641,
        "IoU.person": 0.7376000213623047,
        "IoU.bike": 0.6606999969482422,
        "IoU.curve": 0.43099998474121093,
        "IoU.car_stop": 0.33869998931884765,
        "IoU.guardrail": 0.08789999961853028,
        "IoU.color_cone": 0.5429999923706055,
        "IoU.bump": 0.48639999389648436,
        "Acc.unlabelled": 0.9933000183105469,
        "Acc.car": 0.9247000122070312,
        "Acc.person": 0.8369999694824218,
        "Acc.bike": 0.7736000061035156,
        "Acc.curve": 0.5497999954223632,
        "Acc.car_stop": 0.41560001373291017,
        "Acc.guardrail": 0.3818000030517578,
        "Acc.color_cone": 0.5972000122070312,
        "Acc.bump": 0.6006999969482422
    }
}