{
    "config": "/data/timer/Segmentation/SegNeXt/local_configs/segnext/base/segnext.base.512x512.ade.160k.py",
    "metric": {
        "aAcc": 0.9854,
        "mIoU": 0.7691,
        "mAcc": 0.8493999999999999,
        "IoU.unlabelled": 0.9855999755859375,
        "IoU.car": 0.9075,
        "IoU.person": 0.7377999877929687,
        "IoU.bike": 0.7323999786376953,
        "IoU.curve": 0.6229999923706054,
        "IoU.car_stop": 0.7751000213623047,
        "IoU.guardrail": 0.8212999725341796,
        "IoU.color_cone": 0.6,
        "IoU.bump": 0.7393000030517578,
        "Acc.unlabelled": 0.9937999725341797,
        "Acc.car": 0.9455999755859374,
        "Acc.person": 0.8286000061035156,
        "Acc.bike": 0.8355000305175782,
        "Acc.curve": 0.7473000335693359,
        "Acc.car_stop": 0.885199966430664,
        "Acc.guardrail": 0.8794000244140625,
        "Acc.color_cone": 0.7201000213623047,
        "Acc.bump": 0.8087000274658203
    }
}