{
    "config": "/data/timer/Segmentation/SegNeXt/local_configs/segnext/base/segnext.base.512x512.ade.160k.py",
    "metric": {
        "aAcc": 0.9818000000000001,
        "mIoU": 0.5766,
        "mAcc": 0.6774,
        "IoU.unlabelled": 0.9823999786376953,
        "IoU.car": 0.8894000244140625,
        "IoU.person": 0.7380999755859375,
        "IoU.bike": 0.660199966430664,
        "IoU.curve": 0.44110000610351563,
        "IoU.car_stop": 0.34110000610351565,
        "IoU.guardrail": 0.08369999885559082,
        "IoU.color_cone": 0.5452999877929687,
        "IoU.bump": 0.5081000137329101,
        "Acc.unlabelled": 0.9931999969482422,
        "Acc.car": 0.927300033569336,
        "Acc.person": 0.8379000091552734,
        "Acc.bike": 0.7741000366210937,
        "Acc.curve": 0.5640999984741211,
        "Acc.car_stop": 0.42220001220703124,
        "Acc.guardrail": 0.35970001220703124,
        "Acc.color_cone": 0.6033000183105469,
        "Acc.bump": 0.615
    }
}