{
    "config": "/data/timer/Segmentation/SegNeXt/local_configs/segnext/base/segnext.base.512x512.ade.160k.py",
    "metric": {
        "aAcc": 0.9872,
        "mIoU": 0.7992,
        "mAcc": 0.8734000000000001,
        "IoU.unlabelled": 0.9873999786376954,
        "IoU.car": 0.924000015258789,
        "IoU.person": 0.7716999816894531,
        "IoU.bike": 0.732699966430664,
        "IoU.curve": 0.6383000183105468,
        "IoU.car_stop": 0.8040000152587891,
        "IoU.guardrail": 0.8683000183105469,
        "IoU.color_cone": 0.6855999755859375,
        "IoU.bump": 0.7808999633789062,
        "Acc.unlabelled": 0.9941000366210937,
        "Acc.car": 0.9601000213623047,
        "Acc.person": 0.8812999725341797,
        "Acc.bike": 0.8180999755859375,
        "Acc.curve": 0.7847000122070312,
        "Acc.car_stop": 0.8852999877929687,
        "Acc.guardrail": 0.92,
        "Acc.color_cone": 0.7645999908447265,
        "Acc.bump": 0.852699966430664
    }
}