{
    "config": "/data/timer/Segmentation/SegNeXt/local_configs/segnext/base/segnext.base.512x512.ade.160k.py",
    "metric": {
        "aAcc": 0.9868000000000001,
        "mIoU": 0.7929,
        "mAcc": 0.8668,
        "IoU.unlabelled": 0.9869999694824219,
        "IoU.car": 0.9188999938964844,
        "IoU.person": 0.7593000030517578,
        "IoU.bike": 0.7212000274658203,
        "IoU.curve": 0.6448000335693359,
        "IoU.car_stop": 0.7991000366210937,
        "IoU.guardrail": 0.814800033569336,
        "IoU.color_cone": 0.6775,
        "IoU.bump": 0.8138999938964844,
        "Acc.unlabelled": 0.9938999938964844,
        "Acc.car": 0.9601999664306641,
        "Acc.person": 0.8673000335693359,
        "Acc.bike": 0.8170999908447265,
        "Acc.curve": 0.7501999664306641,
        "Acc.car_stop": 0.8887999725341796,
        "Acc.guardrail": 0.8558000183105469,
        "Acc.color_cone": 0.7769000244140625,
        "Acc.bump": 0.8912000274658203
    }
}