{
    "config": "/data/timer/Segmentation/SegNext/local_configs/segnext/base/segnext.base.512x512.ade.160k.py",
    "metric": {
        "aAcc": 0.9801000000000001,
        "mIoU": 0.6809000000000001,
        "mAcc": 0.7434000000000001,
        "IoU.unlabelled": 0.9801999664306641,
        "IoU.car": 0.8751999664306641,
        "IoU.person": 0.6744999694824219,
        "IoU.bike": 0.6830000305175781,
        "IoU.curve": 0.33560001373291015,
        "IoU.car_stop": 0.6494999694824218,
        "IoU.guardrail": 0.6426999664306641,
        "IoU.color_cone": 0.6011000061035157,
        "IoU.bump": 0.6859999847412109,
        "Acc.unlabelled": 0.9933000183105469,
        "Acc.car": 0.9243000030517579,
        "Acc.person": 0.8133000183105469,
        "Acc.bike": 0.7883999633789063,
        "Acc.curve": 0.37090000152587893,
        "Acc.car_stop": 0.714800033569336,
        "Acc.guardrail": 0.667300033569336,
        "Acc.color_cone": 0.6888999938964844,
        "Acc.bump": 0.729800033569336
    }
}