{
    "config": "/data/timer/Segmentation/SegNext/local_configs/segnext/base/segnext.base.512x512.ade.160k.py",
    "metric": {
        "aAcc": 0.9815999999999999,
        "mIoU": 0.5836,
        "mAcc": 0.6725,
        "IoU.unlabelled": 0.9819999694824219,
        "IoU.car": 0.8862999725341797,
        "IoU.person": 0.7391999816894531,
        "IoU.bike": 0.662300033569336,
        "IoU.curve": 0.45930000305175783,
        "IoU.car_stop": 0.41139999389648435,
        "IoU.guardrail": 0.0375,
        "IoU.color_cone": 0.5383000183105469,
        "IoU.bump": 0.5361999893188476,
        "Acc.unlabelled": 0.9925,
        "Acc.car": 0.9270999908447266,
        "Acc.person": 0.8233000183105469,
        "Acc.bike": 0.7688999938964843,
        "Acc.curve": 0.655,
        "Acc.car_stop": 0.5159000015258789,
        "Acc.guardrail": 0.14260000228881836,
        "Acc.color_cone": 0.5840000152587891,
        "Acc.bump": 0.6429000091552735
    }
}