{
    "config": "/data/timer/Segmentation/SegNeXt/local_configs/segnext/base/segnext.base.512x512.ade.160k.py",
    "metric": {
        "aAcc": 0.9864,
        "mIoU": 0.7815000000000001,
        "mAcc": 0.8602,
        "IoU.unlabelled": 0.986500015258789,
        "IoU.car": 0.9169999694824219,
        "IoU.person": 0.7554000091552734,
        "IoU.bike": 0.7279000091552734,
        "IoU.curve": 0.6468000030517578,
        "IoU.car_stop": 0.7891999816894532,
        "IoU.guardrail": 0.789000015258789,
        "IoU.color_cone": 0.6698000335693359,
        "IoU.bump": 0.7516999816894532,
        "Acc.unlabelled": 0.9936000061035156,
        "Acc.car": 0.9583000183105469,
        "Acc.person": 0.8651999664306641,
        "Acc.bike": 0.830999984741211,
        "Acc.curve": 0.7566999816894531,
        "Acc.car_stop": 0.8947000122070312,
        "Acc.guardrail": 0.8420999908447265,
        "Acc.color_cone": 0.7677999877929688,
        "Acc.bump": 0.8319000244140625
    }
}