{
    "config": "/data/timer/Segmentation/SegNext/local_configs/segnext/base/segnext.base.512x512.ade.160k.py",
    "metric": {
        "aAcc": 0.9814,
        "mIoU": 0.578,
        "mAcc": 0.6748000000000001,
        "IoU.unlabelled": 0.9819999694824219,
        "IoU.car": 0.8876000213623046,
        "IoU.person": 0.7240000152587891,
        "IoU.bike": 0.6576999664306641,
        "IoU.curve": 0.4452000045776367,
        "IoU.car_stop": 0.37290000915527344,
        "IoU.guardrail": 0.060799999237060545,
        "IoU.color_cone": 0.5522000122070313,
        "IoU.bump": 0.5191999816894531,
        "Acc.unlabelled": 0.9925,
        "Acc.car": 0.9291999816894532,
        "Acc.person": 0.8248999786376953,
        "Acc.bike": 0.773499984741211,
        "Acc.curve": 0.6091999816894531,
        "Acc.car_stop": 0.4608000183105469,
        "Acc.guardrail": 0.24229999542236327,
        "Acc.color_cone": 0.5938000106811523,
        "Acc.bump": 0.6469999694824219
    }
}