{
    "config": "/data/timer/Segmentation/SegNeXt/local_configs/segnext/base/segnext.base.512x512.ade.160k.py",
    "metric": {
        "aAcc": 0.9815,
        "mIoU": 0.5625,
        "mAcc": 0.6507999999999999,
        "IoU.unlabelled": 0.9819999694824219,
        "IoU.car": 0.8869999694824219,
        "IoU.person": 0.7401999664306641,
        "IoU.bike": 0.6587000274658203,
        "IoU.curve": 0.4054000091552734,
        "IoU.car_stop": 0.3372000122070313,
        "IoU.guardrail": 0.07429999828338624,
        "IoU.color_cone": 0.5306000137329101,
        "IoU.bump": 0.44729999542236326,
        "Acc.unlabelled": 0.9937999725341797,
        "Acc.car": 0.9218000030517578,
        "Acc.person": 0.832699966430664,
        "Acc.bike": 0.7673999786376953,
        "Acc.curve": 0.504900016784668,
        "Acc.car_stop": 0.409900016784668,
        "Acc.guardrail": 0.3072999954223633,
        "Acc.color_cone": 0.5797000122070313,
        "Acc.bump": 0.54
    }
}