{
    "config": "/data/timer/Segmentation/SegNext/local_configs/segnext/base/segnext.base.512x512.ade.160k.py",
    "metric": {
        "aAcc": 0.9868000000000001,
        "mIoU": 0.7929,
        "mAcc": 0.8671,
        "IoU.unlabelled": 0.9869999694824219,
        "IoU.car": 0.919000015258789,
        "IoU.person": 0.7591999816894531,
        "IoU.bike": 0.7211000061035157,
        "IoU.curve": 0.6448000335693359,
        "IoU.car_stop": 0.7987999725341797,
        "IoU.guardrail": 0.8148999786376954,
        "IoU.color_cone": 0.6776000213623047,
        "IoU.bump": 0.8133000183105469,
        "Acc.unlabelled": 0.9938999938964844,
        "Acc.car": 0.9602999877929688,
        "Acc.person": 0.8672000122070312,
        "Acc.bike": 0.8169000244140625,
        "Acc.curve": 0.7505000305175781,
        "Acc.car_stop": 0.8891999816894531,
        "Acc.guardrail": 0.8569000244140625,
        "Acc.color_cone": 0.7773999786376953,
        "Acc.bump": 0.8915000152587891
    }
}