{
    "config": "/data/timer/Segmentation/SegNeXt/local_configs/segnext/base/segnext.base.512x512.ade.160k.py",
    "metric": {
        "aAcc": 0.9864,
        "mIoU": 0.7807999999999999,
        "mAcc": 0.8637,
        "IoU.unlabelled": 0.9866999816894532,
        "IoU.car": 0.9162999725341797,
        "IoU.person": 0.7525,
        "IoU.bike": 0.735,
        "IoU.curve": 0.6379999923706055,
        "IoU.car_stop": 0.7865000152587891,
        "IoU.guardrail": 0.7998000335693359,
        "IoU.color_cone": 0.6418000030517578,
        "IoU.bump": 0.7706999969482422,
        "Acc.unlabelled": 0.9937000274658203,
        "Acc.car": 0.9573999786376953,
        "Acc.person": 0.8608000183105469,
        "Acc.bike": 0.8344999694824219,
        "Acc.curve": 0.7484999847412109,
        "Acc.car_stop": 0.8811000061035156,
        "Acc.guardrail": 0.8544000244140625,
        "Acc.color_cone": 0.7706999969482422,
        "Acc.bump": 0.8725
    }
}