{
    "config": "/data/timer/Segmentation/SegNeXt/local_configs/segnext/base/segnext.base.512x512.ade.160k.py",
    "metric": {
        "aAcc": 0.986,
        "mIoU": 0.7736,
        "mAcc": 0.8523000000000001,
        "IoU.unlabelled": 0.9862000274658204,
        "IoU.car": 0.9147000122070312,
        "IoU.person": 0.7484999847412109,
        "IoU.bike": 0.7191000366210938,
        "IoU.curve": 0.6247000122070312,
        "IoU.car_stop": 0.7855999755859375,
        "IoU.guardrail": 0.7897000122070312,
        "IoU.color_cone": 0.6505999755859375,
        "IoU.bump": 0.7430999755859375,
        "Acc.unlabelled": 0.9937000274658203,
        "Acc.car": 0.957699966430664,
        "Acc.person": 0.8545999908447266,
        "Acc.bike": 0.8208000183105468,
        "Acc.curve": 0.7290000152587891,
        "Acc.car_stop": 0.8706999969482422,
        "Acc.guardrail": 0.8458000183105469,
        "Acc.color_cone": 0.7597000122070312,
        "Acc.bump": 0.8388999938964844
    }
}