{
    "config": "/data/timer/Segmentation/SegNeXt/local_configs/segnext/base/segnext.base.512x512.ade.160k.py",
    "metric": {
        "aAcc": 0.9812000000000001,
        "mIoU": 0.5719,
        "mAcc": 0.6695,
        "IoU.unlabelled": 0.9819999694824219,
        "IoU.car": 0.8854000091552734,
        "IoU.person": 0.7373999786376954,
        "IoU.bike": 0.660199966430664,
        "IoU.curve": 0.4331000137329102,
        "IoU.car_stop": 0.28389999389648435,
        "IoU.guardrail": 0.05389999866485596,
        "IoU.color_cone": 0.5806999969482421,
        "IoU.bump": 0.5306000137329101,
        "Acc.unlabelled": 0.9925,
        "Acc.car": 0.9331999969482422,
        "Acc.person": 0.8313999938964843,
        "Acc.bike": 0.7730000305175782,
        "Acc.curve": 0.5802000045776368,
        "Acc.car_stop": 0.357400016784668,
        "Acc.guardrail": 0.2947999954223633,
        "Acc.color_cone": 0.6395000076293945,
        "Acc.bump": 0.6238000106811523
    }
}