{
    "config": "/data/timer/Segmentation/SegNext/local_configs/segnext/base/segnext.base.512x512.ade.160k.py",
    "metric": {
        "aAcc": 0.9868000000000001,
        "mIoU": 0.7986,
        "mAcc": 0.8776,
        "IoU.unlabelled": 0.9869000244140625,
        "IoU.car": 0.9165000152587891,
        "IoU.person": 0.7622000122070313,
        "IoU.bike": 0.7383999633789062,
        "IoU.curve": 0.6291999816894531,
        "IoU.car_stop": 0.7951000213623047,
        "IoU.guardrail": 0.8805000305175781,
        "IoU.color_cone": 0.6862999725341797,
        "IoU.bump": 0.7923999786376953,
        "Acc.unlabelled": 0.9936000061035156,
        "Acc.car": 0.9601999664306641,
        "Acc.person": 0.8706999969482422,
        "Acc.bike": 0.8525,
        "Acc.curve": 0.7195999908447266,
        "Acc.car_stop": 0.8809999847412109,
        "Acc.guardrail": 0.933499984741211,
        "Acc.color_cone": 0.7963999938964844,
        "Acc.bump": 0.8905999755859375
    }
}