{
    "config": "/data/timer/Segmentation/SegNeXt/local_configs/segnext/base/segnext.base.512x512.ade.160k.py",
    "metric": {
        "aAcc": 0.9815,
        "mIoU": 0.5714,
        "mAcc": 0.6805,
        "IoU.unlabelled": 0.9822000122070312,
        "IoU.car": 0.8888999938964843,
        "IoU.person": 0.7306999969482422,
        "IoU.bike": 0.6598999786376953,
        "IoU.curve": 0.45439998626708983,
        "IoU.car_stop": 0.3188999938964844,
        "IoU.guardrail": 0.08350000381469727,
        "IoU.color_cone": 0.5386000061035157,
        "IoU.bump": 0.4854000091552734,
        "Acc.unlabelled": 0.9929000091552734,
        "Acc.car": 0.9291999816894532,
        "Acc.person": 0.8361000061035156,
        "Acc.bike": 0.7745999908447265,
        "Acc.curve": 0.5961000061035157,
        "Acc.car_stop": 0.3831999969482422,
        "Acc.guardrail": 0.41259998321533203,
        "Acc.color_cone": 0.5945000076293945,
        "Acc.bump": 0.6058000183105469
    }
}