{
    "config": "/data/timer/Segmentation/SegNeXt/local_configs/segnext/base/segnext.base.512x512.ade.160k.py",
    "metric": {
        "aAcc": 0.9873999999999999,
        "mIoU": 0.7954000000000001,
        "mAcc": 0.8678,
        "IoU.unlabelled": 0.9876000213623047,
        "IoU.car": 0.9258999633789062,
        "IoU.person": 0.7694000244140625,
        "IoU.bike": 0.7387000274658203,
        "IoU.curve": 0.6419000244140625,
        "IoU.car_stop": 0.795,
        "IoU.guardrail": 0.8,
        "IoU.color_cone": 0.6916000366210937,
        "IoU.bump": 0.8083000183105469,
        "Acc.unlabelled": 0.9941999816894531,
        "Acc.car": 0.9629000091552734,
        "Acc.person": 0.8729000091552734,
        "Acc.bike": 0.8383999633789062,
        "Acc.curve": 0.7527999877929688,
        "Acc.car_stop": 0.8877999877929688,
        "Acc.guardrail": 0.8337000274658203,
        "Acc.color_cone": 0.7827999877929688,
        "Acc.bump": 0.8844000244140625
    }
}