{
    "config": "/data/timer/Segmentation/SegNeXt/local_configs/segnext/base/segnext.base.512x512.ade.160k.py",
    "metric": {
        "aAcc": 0.9819,
        "mIoU": 0.5703,
        "mAcc": 0.6505,
        "IoU.unlabelled": 0.9826000213623047,
        "IoU.car": 0.8933999633789063,
        "IoU.person": 0.7312000274658204,
        "IoU.bike": 0.6554000091552734,
        "IoU.curve": 0.45599998474121095,
        "IoU.car_stop": 0.3028000068664551,
        "IoU.guardrail": 0.05010000228881836,
        "IoU.color_cone": 0.5313000106811523,
        "IoU.bump": 0.5295000076293945,
        "Acc.unlabelled": 0.9937000274658203,
        "Acc.car": 0.933499984741211,
        "Acc.person": 0.811500015258789,
        "Acc.bike": 0.7516000366210938,
        "Acc.curve": 0.6138000106811523,
        "Acc.car_stop": 0.3659999847412109,
        "Acc.guardrail": 0.26530000686645505,
        "Acc.color_cone": 0.5602999877929687,
        "Acc.bump": 0.5590999984741211
    }
}