{
    "config": "/data/timer/Segmentation/SegNeXt/local_configs/segnext/base/segnext.base.512x512.ade.160k.py",
    "metric": {
        "aAcc": 0.9873000000000001,
        "mIoU": 0.7936,
        "mAcc": 0.8672,
        "IoU.unlabelled": 0.9875,
        "IoU.car": 0.9248000335693359,
        "IoU.person": 0.7659999847412109,
        "IoU.bike": 0.7381999969482422,
        "IoU.curve": 0.6448999786376953,
        "IoU.car_stop": 0.7909999847412109,
        "IoU.guardrail": 0.7927999877929688,
        "IoU.color_cone": 0.6890000152587891,
        "IoU.bump": 0.8086000061035157,
        "Acc.unlabelled": 0.9941999816894531,
        "Acc.car": 0.9622000122070312,
        "Acc.person": 0.8684999847412109,
        "Acc.bike": 0.836500015258789,
        "Acc.curve": 0.7570999908447266,
        "Acc.car_stop": 0.8891000366210937,
        "Acc.guardrail": 0.8312999725341796,
        "Acc.color_cone": 0.784000015258789,
        "Acc.bump": 0.8816999816894531
    }
}