{
    "config": "/data/timer/Segmentation/SegNeXt/local_configs/segnext/base/segnext.base.512x512.ade.160k.py",
    "metric": {
        "aAcc": 0.9873000000000001,
        "mIoU": 0.795,
        "mAcc": 0.8682,
        "IoU.unlabelled": 0.9875,
        "IoU.car": 0.925,
        "IoU.person": 0.7662999725341797,
        "IoU.bike": 0.7376000213623047,
        "IoU.curve": 0.6436000061035156,
        "IoU.car_stop": 0.794000015258789,
        "IoU.guardrail": 0.8025,
        "IoU.color_cone": 0.6881999969482422,
        "IoU.bump": 0.8105999755859375,
        "Acc.unlabelled": 0.9941000366210937,
        "Acc.car": 0.9629000091552734,
        "Acc.person": 0.8704000091552735,
        "Acc.bike": 0.8375,
        "Acc.curve": 0.7566000366210938,
        "Acc.car_stop": 0.8876000213623046,
        "Acc.guardrail": 0.8383000183105469,
        "Acc.color_cone": 0.779000015258789,
        "Acc.bump": 0.8876000213623046
    }
}