{
    "config": "/data/timer/Segmentation/SegNeXt/local_configs/segnext/base/segnext.base.512x512.ade.160k.py",
    "metric": {
        "aAcc": 0.9813,
        "mIoU": 0.5690999999999999,
        "mAcc": 0.6770999999999999,
        "IoU.unlabelled": 0.9819999694824219,
        "IoU.car": 0.8862000274658203,
        "IoU.person": 0.7291000366210938,
        "IoU.bike": 0.6580999755859375,
        "IoU.curve": 0.44959999084472657,
        "IoU.car_stop": 0.31989999771118166,
        "IoU.guardrail": 0.08,
        "IoU.color_cone": 0.5345000076293945,
        "IoU.bump": 0.4822999954223633,
        "Acc.unlabelled": 0.992699966430664,
        "Acc.car": 0.9288999938964844,
        "Acc.person": 0.8358000183105468,
        "Acc.bike": 0.7741000366210937,
        "Acc.curve": 0.5924000167846679,
        "Acc.car_stop": 0.3833000183105469,
        "Acc.guardrail": 0.39229999542236327,
        "Acc.color_cone": 0.592599983215332,
        "Acc.bump": 0.6018000030517578
    }
}