{
    "config": "/data/timer/Segmentation/SegNext/local_configs/segnext/base/segnext.base.512x512.ade.160k.py",
    "metric": {
        "aAcc": 0.9872,
        "mIoU": 0.8051,
        "mAcc": 0.88,
        "IoU.unlabelled": 0.9873999786376954,
        "IoU.car": 0.9191000366210937,
        "IoU.person": 0.7772000122070313,
        "IoU.bike": 0.736500015258789,
        "IoU.curve": 0.6309999847412109,
        "IoU.car_stop": 0.8002999877929687,
        "IoU.guardrail": 0.8968000030517578,
        "IoU.color_cone": 0.705,
        "IoU.bump": 0.7927999877929688,
        "Acc.unlabelled": 0.9940000152587891,
        "Acc.car": 0.9604000091552735,
        "Acc.person": 0.8813999938964844,
        "Acc.bike": 0.8483000183105469,
        "Acc.curve": 0.7216000366210937,
        "Acc.car_stop": 0.8813999938964844,
        "Acc.guardrail": 0.9437999725341797,
        "Acc.color_cone": 0.8083000183105469,
        "Acc.bump": 0.8808999633789063
    }
}