{
    "config": "/data/timer/Segmentation/SegNeXt/local_configs/segnext/base/segnext.base.512x512.ade.160k.py",
    "metric": {
        "aAcc": 0.9873999999999999,
        "mIoU": 0.7965000000000001,
        "mAcc": 0.8687999999999999,
        "IoU.unlabelled": 0.9876000213623047,
        "IoU.car": 0.9255000305175781,
        "IoU.person": 0.7675,
        "IoU.bike": 0.7394999694824219,
        "IoU.curve": 0.645,
        "IoU.car_stop": 0.7966999816894531,
        "IoU.guardrail": 0.8068000030517578,
        "IoU.color_cone": 0.69,
        "IoU.bump": 0.8094999694824219,
        "Acc.unlabelled": 0.9941999816894531,
        "Acc.car": 0.9629000091552734,
        "Acc.person": 0.8715000152587891,
        "Acc.bike": 0.8380999755859375,
        "Acc.curve": 0.7555000305175781,
        "Acc.car_stop": 0.8901000213623047,
        "Acc.guardrail": 0.8405000305175782,
        "Acc.color_cone": 0.7816999816894531,
        "Acc.bump": 0.8844999694824218
    }
}