{
    "config": "/data/timer/Segmentation/SegNeXt/local_configs/segnext/base/segnext.base.512x512.ade.160k.py",
    "metric": {
        "aAcc": 0.9815999999999999,
        "mIoU": 0.5724,
        "mAcc": 0.6743000000000001,
        "IoU.unlabelled": 0.9822000122070312,
        "IoU.car": 0.8876999664306641,
        "IoU.person": 0.7376000213623047,
        "IoU.bike": 0.6608000183105469,
        "IoU.curve": 0.43029998779296874,
        "IoU.car_stop": 0.33790000915527346,
        "IoU.guardrail": 0.08720000267028809,
        "IoU.color_cone": 0.5436999893188477,
        "IoU.bump": 0.48450000762939455,
        "Acc.unlabelled": 0.9933000183105469,
        "Acc.car": 0.9247000122070312,
        "Acc.person": 0.8369999694824218,
        "Acc.bike": 0.7737000274658203,
        "Acc.curve": 0.5486999893188477,
        "Acc.car_stop": 0.41380001068115235,
        "Acc.guardrail": 0.3806999969482422,
        "Acc.color_cone": 0.5979999923706054,
        "Acc.bump": 0.5986999893188476
    }
}