{
    "config": "/data/timer/Segmentation/SegNeXt/local_configs/segnext/base/segnext.base.512x512.ade.160k.py",
    "metric": {
        "aAcc": 0.9819,
        "mIoU": 0.569,
        "mAcc": 0.6495000000000001,
        "IoU.unlabelled": 0.982699966430664,
        "IoU.car": 0.8936000061035156,
        "IoU.person": 0.7294999694824219,
        "IoU.bike": 0.6541999816894531,
        "IoU.curve": 0.462599983215332,
        "IoU.car_stop": 0.29889999389648436,
        "IoU.guardrail": 0.0496999979019165,
        "IoU.color_cone": 0.5379000091552735,
        "IoU.bump": 0.5116999816894531,
        "Acc.unlabelled": 0.9937000274658203,
        "Acc.car": 0.9338999938964844,
        "Acc.person": 0.810199966430664,
        "Acc.bike": 0.75,
        "Acc.curve": 0.6195000076293945,
        "Acc.car_stop": 0.3606999969482422,
        "Acc.guardrail": 0.2698999977111816,
        "Acc.color_cone": 0.5679999923706055,
        "Acc.bump": 0.5393000030517578
    }
}