{
    "config": "/data/timer/Segmentation/SegNeXt/local_configs/segnext/base/segnext.base.512x512.ade.160k.py",
    "metric": {
        "aAcc": 0.987,
        "mIoU": 0.7926000000000001,
        "mAcc": 0.8673000000000001,
        "IoU.unlabelled": 0.9872000122070312,
        "IoU.car": 0.9231999969482422,
        "IoU.person": 0.7579000091552734,
        "IoU.bike": 0.7343000030517578,
        "IoU.curve": 0.6441000366210937,
        "IoU.car_stop": 0.7925,
        "IoU.guardrail": 0.8055000305175781,
        "IoU.color_cone": 0.6780999755859375,
        "IoU.bump": 0.8109999847412109,
        "Acc.unlabelled": 0.9940000152587891,
        "Acc.car": 0.9620999908447265,
        "Acc.person": 0.8633999633789062,
        "Acc.bike": 0.8348999786376953,
        "Acc.curve": 0.7613999938964844,
        "Acc.car_stop": 0.8855000305175781,
        "Acc.guardrail": 0.8455000305175782,
        "Acc.color_cone": 0.7756999969482422,
        "Acc.bump": 0.8833999633789062
    }
}