{
    "config": "/data/timer/Segmentation/SegNeXt/local_configs/segnext/base/segnext.base.512x512.ade.160k.py",
    "metric": {
        "aAcc": 0.9815999999999999,
        "mIoU": 0.5728,
        "mAcc": 0.6748000000000001,
        "IoU.unlabelled": 0.9822000122070312,
        "IoU.car": 0.8876999664306641,
        "IoU.person": 0.7376000213623047,
        "IoU.bike": 0.6605999755859375,
        "IoU.curve": 0.4304999923706055,
        "IoU.car_stop": 0.3390000152587891,
        "IoU.guardrail": 0.08779999732971192,
        "IoU.color_cone": 0.5429999923706055,
        "IoU.bump": 0.48689998626708986,
        "Acc.unlabelled": 0.9933000183105469,
        "Acc.car": 0.9247000122070312,
        "Acc.person": 0.8369000244140625,
        "Acc.bike": 0.7733999633789063,
        "Acc.curve": 0.5493999862670899,
        "Acc.car_stop": 0.4159000015258789,
        "Acc.guardrail": 0.38049999237060544,
        "Acc.color_cone": 0.5974000167846679,
        "Acc.bump": 0.601500015258789
    }
}