{
    "config": "/data/timer/Segmentation/SegNeXt/local_configs/segnext/base/segnext.base.512x512.ade.160k.py",
    "metric": {
        "aAcc": 0.9818000000000001,
        "mIoU": 0.5757,
        "mAcc": 0.6768000000000001,
        "IoU.unlabelled": 0.9823999786376953,
        "IoU.car": 0.8894999694824218,
        "IoU.person": 0.7391000366210938,
        "IoU.bike": 0.6595999908447265,
        "IoU.curve": 0.44119998931884763,
        "IoU.car_stop": 0.3390000152587891,
        "IoU.guardrail": 0.08149999618530274,
        "IoU.color_cone": 0.5422000122070313,
        "IoU.bump": 0.5065999984741211,
        "Acc.unlabelled": 0.9931999969482422,
        "Acc.car": 0.9273999786376953,
        "Acc.person": 0.8383999633789062,
        "Acc.bike": 0.7744999694824218,
        "Acc.curve": 0.5631000137329102,
        "Acc.car_stop": 0.42150001525878905,
        "Acc.guardrail": 0.3561000061035156,
        "Acc.color_cone": 0.5988000106811523,
        "Acc.bump": 0.6181999969482422
    }
}