{
    "config": "/data/timer/Segmentation/SegNeXt/local_configs/segnext/base/segnext.base.512x512.ade.160k.py",
    "metric": {
        "aAcc": 0.9873999999999999,
        "mIoU": 0.7962,
        "mAcc": 0.8686,
        "IoU.unlabelled": 0.9876000213623047,
        "IoU.car": 0.9255000305175781,
        "IoU.person": 0.7673999786376953,
        "IoU.bike": 0.7391000366210938,
        "IoU.curve": 0.6433999633789063,
        "IoU.car_stop": 0.7966000366210938,
        "IoU.guardrail": 0.8062999725341797,
        "IoU.color_cone": 0.6901999664306641,
        "IoU.bump": 0.8094999694824219,
        "Acc.unlabelled": 0.9941999816894531,
        "Acc.car": 0.9629000091552734,
        "Acc.person": 0.8715000152587891,
        "Acc.bike": 0.8380999755859375,
        "Acc.curve": 0.7544999694824219,
        "Acc.car_stop": 0.8897000122070312,
        "Acc.guardrail": 0.8402999877929688,
        "Acc.color_cone": 0.7820999908447266,
        "Acc.bump": 0.8844000244140625
    }
}