{
    "config": "/data/timer/Segmentation/SegNeXt/local_configs/segnext/base/segnext.base.512x512.ade.160k.py",
    "metric": {
        "aAcc": 0.9873000000000001,
        "mIoU": 0.7945,
        "mAcc": 0.8665999999999999,
        "IoU.unlabelled": 0.9875,
        "IoU.car": 0.9262000274658203,
        "IoU.person": 0.7687999725341796,
        "IoU.bike": 0.7381999969482422,
        "IoU.curve": 0.6359000015258789,
        "IoU.car_stop": 0.7988999938964844,
        "IoU.guardrail": 0.8033000183105469,
        "IoU.color_cone": 0.6898999786376954,
        "IoU.bump": 0.8019000244140625,
        "Acc.unlabelled": 0.9941999816894531,
        "Acc.car": 0.9629000091552734,
        "Acc.person": 0.8726000213623046,
        "Acc.bike": 0.8383999633789062,
        "Acc.curve": 0.7483000183105468,
        "Acc.car_stop": 0.8898999786376953,
        "Acc.guardrail": 0.8345999908447266,
        "Acc.color_cone": 0.7829000091552735,
        "Acc.bump": 0.8758000183105469
    }
}