{
    "config": "/data/timer/Segmentation/SegNext/local_configs/segnext/base/segnext.base.512x512.ade.160k.py",
    "metric": {
        "aAcc": 0.9845999999999999,
        "mIoU": 0.7679,
        "mAcc": 0.8547,
        "IoU.unlabelled": 0.9847000122070313,
        "IoU.car": 0.9118000030517578,
        "IoU.person": 0.6576000213623047,
        "IoU.bike": 0.7233000183105469,
        "IoU.curve": 0.6141999816894531,
        "IoU.car_stop": 0.7823999786376953,
        "IoU.guardrail": 0.8126000213623047,
        "IoU.color_cone": 0.624000015258789,
        "IoU.bump": 0.8,
        "Acc.unlabelled": 0.992699966430664,
        "Acc.car": 0.9608999633789063,
        "Acc.person": 0.7601000213623047,
        "Acc.bike": 0.8352999877929688,
        "Acc.curve": 0.740999984741211,
        "Acc.car_stop": 0.9005000305175781,
        "Acc.guardrail": 0.8641000366210938,
        "Acc.color_cone": 0.7654000091552734,
        "Acc.bump": 0.8723000335693359
    }
}