{
    "config": "/data/timer/Segmentation/SegNeXt/local_configs/segnext/base/segnext.base.512x512.ade.160k.py",
    "metric": {
        "aAcc": 0.9873999999999999,
        "mIoU": 0.7972,
        "mAcc": 0.8690000000000001,
        "IoU.unlabelled": 0.9876000213623047,
        "IoU.car": 0.925,
        "IoU.person": 0.7658999633789062,
        "IoU.bike": 0.7394999694824219,
        "IoU.curve": 0.6463999938964844,
        "IoU.car_stop": 0.7975,
        "IoU.guardrail": 0.811500015258789,
        "IoU.color_cone": 0.6893000030517578,
        "IoU.bump": 0.8116999816894531,
        "Acc.unlabelled": 0.9941999816894531,
        "Acc.car": 0.9622000122070312,
        "Acc.person": 0.8680000305175781,
        "Acc.bike": 0.8380000305175781,
        "Acc.curve": 0.7579000091552734,
        "Acc.car_stop": 0.8905000305175781,
        "Acc.guardrail": 0.8473000335693359,
        "Acc.color_cone": 0.7855999755859375,
        "Acc.bump": 0.8776000213623046
    }
}