{
    "config": "/data/timer/Segmentation/SegNeXt/local_configs/segnext/base/segnext.base.512x512.ade.160k.py",
    "metric": {
        "aAcc": 0.9873999999999999,
        "mIoU": 0.7961,
        "mAcc": 0.8684000000000001,
        "IoU.unlabelled": 0.9876000213623047,
        "IoU.car": 0.9258999633789062,
        "IoU.person": 0.7687000274658203,
        "IoU.bike": 0.7390000152587891,
        "IoU.curve": 0.6441999816894531,
        "IoU.car_stop": 0.7959999847412109,
        "IoU.guardrail": 0.8030000305175782,
        "IoU.color_cone": 0.6911000061035156,
        "IoU.bump": 0.8094000244140624,
        "Acc.unlabelled": 0.9943000030517578,
        "Acc.car": 0.9626000213623047,
        "Acc.person": 0.8704000091552735,
        "Acc.bike": 0.8375,
        "Acc.curve": 0.755,
        "Acc.car_stop": 0.8895999908447265,
        "Acc.guardrail": 0.8393000030517578,
        "Acc.color_cone": 0.7868000030517578,
        "Acc.bump": 0.8801000213623047
    }
}