{
    "config": "/data/timer/Segmentation/SegNeXt/local_configs/segnext/base/segnext.base.512x512.ade.160k.py",
    "metric": {
        "aAcc": 0.9873999999999999,
        "mIoU": 0.7962,
        "mAcc": 0.867,
        "IoU.unlabelled": 0.9876000213623047,
        "IoU.car": 0.925199966430664,
        "IoU.person": 0.7655000305175781,
        "IoU.bike": 0.7390000152587891,
        "IoU.curve": 0.6419000244140625,
        "IoU.car_stop": 0.7986000061035157,
        "IoU.guardrail": 0.8120999908447266,
        "IoU.color_cone": 0.6879000091552734,
        "IoU.bump": 0.8083999633789063,
        "Acc.unlabelled": 0.9943000030517578,
        "Acc.car": 0.961500015258789,
        "Acc.person": 0.8662000274658204,
        "Acc.bike": 0.8375,
        "Acc.curve": 0.7508000183105469,
        "Acc.car_stop": 0.8897000122070312,
        "Acc.guardrail": 0.8456999969482422,
        "Acc.color_cone": 0.7820999908447266,
        "Acc.bump": 0.8752999877929688
    }
}