{
    "config": "/data/timer/Segmentation/SegNext/local_configs/segnext/base/segnext.base.512x512.ade.160k.py",
    "metric": {
        "aAcc": 0.9869,
        "mIoU": 0.7951999999999999,
        "mAcc": 0.8682,
        "IoU.unlabelled": 0.9870999908447265,
        "IoU.car": 0.9183000183105469,
        "IoU.person": 0.7576000213623046,
        "IoU.bike": 0.7277999877929687,
        "IoU.curve": 0.6545999908447265,
        "IoU.car_stop": 0.795,
        "IoU.guardrail": 0.8313999938964843,
        "IoU.color_cone": 0.6780999755859375,
        "IoU.bump": 0.8065000152587891,
        "Acc.unlabelled": 0.9940000152587891,
        "Acc.car": 0.9608000183105468,
        "Acc.person": 0.865,
        "Acc.bike": 0.8291000366210938,
        "Acc.curve": 0.7554000091552734,
        "Acc.car_stop": 0.8787000274658203,
        "Acc.guardrail": 0.8791000366210937,
        "Acc.color_cone": 0.7758000183105469,
        "Acc.bump": 0.8758999633789063
    }
}