{
    "config": "/data/timer/Segmentation/SegNeXt/local_configs/segnext/base/segnext.base.512x512.ade.160k.py",
    "metric": {
        "aAcc": 0.9815999999999999,
        "mIoU": 0.5727,
        "mAcc": 0.6746,
        "IoU.unlabelled": 0.9822000122070312,
        "IoU.car": 0.8877999877929688,
        "IoU.person": 0.7376000213623047,
        "IoU.bike": 0.6605000305175781,
        "IoU.curve": 0.4304999923706055,
        "IoU.car_stop": 0.33790000915527346,
        "IoU.guardrail": 0.0875,
        "IoU.color_cone": 0.543499984741211,
        "IoU.bump": 0.48700000762939455,
        "Acc.unlabelled": 0.9933000183105469,
        "Acc.car": 0.9247000122070312,
        "Acc.person": 0.8369000244140625,
        "Acc.bike": 0.7731999969482422,
        "Acc.curve": 0.5488999938964844,
        "Acc.car_stop": 0.414900016784668,
        "Acc.guardrail": 0.38099998474121094,
        "Acc.color_cone": 0.5972999954223632,
        "Acc.bump": 0.6008000183105469
    }
}