{
    "config": "/data/timer/Segmentation/SegNeXt/local_configs/segnext/base/segnext.base.512x512.ade.160k.py",
    "metric": {
        "aAcc": 0.9873999999999999,
        "mIoU": 0.7968999999999999,
        "mAcc": 0.8690000000000001,
        "IoU.unlabelled": 0.9876000213623047,
        "IoU.car": 0.9254000091552734,
        "IoU.person": 0.7666999816894531,
        "IoU.bike": 0.7395999908447266,
        "IoU.curve": 0.6465000152587891,
        "IoU.car_stop": 0.7973999786376953,
        "IoU.guardrail": 0.8088999938964844,
        "IoU.color_cone": 0.6894999694824219,
        "IoU.bump": 0.8106999969482422,
        "Acc.unlabelled": 0.9941999816894531,
        "Acc.car": 0.9626000213623047,
        "Acc.person": 0.8691999816894531,
        "Acc.bike": 0.8373000335693359,
        "Acc.curve": 0.7570999908447266,
        "Acc.car_stop": 0.8911000061035156,
        "Acc.guardrail": 0.845,
        "Acc.color_cone": 0.7852999877929687,
        "Acc.bump": 0.8794000244140625
    }
}