{
    "config": "/data/timer/Segmentation/SegNext/local_configs/segnext/base/segnext.base.512x512.ade.160k.py",
    "metric": {
        "aAcc": 0.985,
        "mIoU": 0.763,
        "mAcc": 0.8364,
        "IoU.unlabelled": 0.9851000213623047,
        "IoU.car": 0.9065000152587891,
        "IoU.person": 0.7313999938964844,
        "IoU.bike": 0.7102999877929688,
        "IoU.curve": 0.5922999954223633,
        "IoU.car_stop": 0.7691000366210937,
        "IoU.guardrail": 0.8033999633789063,
        "IoU.color_cone": 0.6129000091552734,
        "IoU.bump": 0.7555000305175781,
        "Acc.unlabelled": 0.9937000274658203,
        "Acc.car": 0.947699966430664,
        "Acc.person": 0.846500015258789,
        "Acc.bike": 0.8126999664306641,
        "Acc.curve": 0.6933999633789063,
        "Acc.car_stop": 0.8523000335693359,
        "Acc.guardrail": 0.8520999908447265,
        "Acc.color_cone": 0.7033999633789062,
        "Acc.bump": 0.8261000061035156
    }
}