{
    "config": "/data/timer/Segmentation/SegNeXt/local_configs/segnext/base/segnext.base.512x512.ade.160k.py",
    "metric": {
        "aAcc": 0.9873999999999999,
        "mIoU": 0.7947,
        "mAcc": 0.867,
        "IoU.unlabelled": 0.9876000213623047,
        "IoU.car": 0.9262999725341797,
        "IoU.person": 0.7708999633789062,
        "IoU.bike": 0.7391000366210938,
        "IoU.curve": 0.6395999908447265,
        "IoU.car_stop": 0.793499984741211,
        "IoU.guardrail": 0.7976999664306641,
        "IoU.color_cone": 0.6933000183105469,
        "IoU.bump": 0.8043000030517579,
        "Acc.unlabelled": 0.9941999816894531,
        "Acc.car": 0.9630999755859375,
        "Acc.person": 0.8738999938964844,
        "Acc.bike": 0.8380000305175781,
        "Acc.curve": 0.7491000366210937,
        "Acc.car_stop": 0.8858000183105469,
        "Acc.guardrail": 0.8319000244140625,
        "Acc.color_cone": 0.7837000274658203,
        "Acc.bump": 0.8831999969482421
    }
}