{
    "config": "/data/timer/Segmentation/SegNeXt/local_configs/segnext/base/segnext.base.512x512.ade.160k.py",
    "metric": {
        "aAcc": 0.9873999999999999,
        "mIoU": 0.7951,
        "mAcc": 0.8671,
        "IoU.unlabelled": 0.9876000213623047,
        "IoU.car": 0.9251000213623047,
        "IoU.person": 0.767300033569336,
        "IoU.bike": 0.7381999969482422,
        "IoU.curve": 0.6452999877929687,
        "IoU.car_stop": 0.793499984741211,
        "IoU.guardrail": 0.7966000366210938,
        "IoU.color_cone": 0.6919000244140625,
        "IoU.bump": 0.8105999755859375,
        "Acc.unlabelled": 0.9943000030517578,
        "Acc.car": 0.9622000122070312,
        "Acc.person": 0.8694999694824219,
        "Acc.bike": 0.8362000274658203,
        "Acc.curve": 0.7555000305175781,
        "Acc.car_stop": 0.8886000061035156,
        "Acc.guardrail": 0.831500015258789,
        "Acc.color_cone": 0.7859999847412109,
        "Acc.bump": 0.8798999786376953
    }
}