{
    "config": "/data/timer/Segmentation/SegNext/local_configs/segnext/base/segnext.base.512x512.ade.160k.py",
    "metric": {
        "aAcc": 0.9865,
        "mIoU": 0.7912,
        "mAcc": 0.8648,
        "IoU.unlabelled": 0.9866000366210937,
        "IoU.car": 0.9158000183105469,
        "IoU.person": 0.7519000244140625,
        "IoU.bike": 0.7316000366210937,
        "IoU.curve": 0.6325,
        "IoU.car_stop": 0.7930000305175782,
        "IoU.guardrail": 0.8651999664306641,
        "IoU.color_cone": 0.66,
        "IoU.bump": 0.7837999725341797,
        "Acc.unlabelled": 0.9938999938964844,
        "Acc.car": 0.9580999755859375,
        "Acc.person": 0.8597000122070313,
        "Acc.bike": 0.8305000305175781,
        "Acc.curve": 0.7383000183105469,
        "Acc.car_stop": 0.8741000366210937,
        "Acc.guardrail": 0.922300033569336,
        "Acc.color_cone": 0.7494999694824219,
        "Acc.bump": 0.8572000122070312
    }
}