{
    "config": "/data/timer/Segmentation/SegNeXt/local_configs/segnext/base/segnext.base.512x512.ade.160k.py",
    "metric": {
        "aAcc": 0.9864,
        "mIoU": 0.7837999999999999,
        "mAcc": 0.8590000000000001,
        "IoU.unlabelled": 0.9866000366210937,
        "IoU.car": 0.9188999938964844,
        "IoU.person": 0.7531999969482421,
        "IoU.bike": 0.7294999694824219,
        "IoU.curve": 0.6254999923706055,
        "IoU.car_stop": 0.782300033569336,
        "IoU.guardrail": 0.8340000152587891,
        "IoU.color_cone": 0.6573999786376953,
        "IoU.bump": 0.7672000122070313,
        "Acc.unlabelled": 0.9938999938964844,
        "Acc.car": 0.9587000274658203,
        "Acc.person": 0.8612000274658204,
        "Acc.bike": 0.8294000244140625,
        "Acc.curve": 0.7273000335693359,
        "Acc.car_stop": 0.88,
        "Acc.guardrail": 0.8876000213623046,
        "Acc.color_cone": 0.7538999938964843,
        "Acc.bump": 0.8386000061035156
    }
}