{
    "config": "/data/timer/Segmentation/SegNeXt/local_configs/segnext/base/segnext.base.512x512.ade.160k.py",
    "metric": {
        "aAcc": 0.9873999999999999,
        "mIoU": 0.7956,
        "mAcc": 0.8681,
        "IoU.unlabelled": 0.9876000213623047,
        "IoU.car": 0.9255000305175781,
        "IoU.person": 0.7675,
        "IoU.bike": 0.7391999816894531,
        "IoU.curve": 0.6441000366210937,
        "IoU.car_stop": 0.7958999633789062,
        "IoU.guardrail": 0.8018000030517578,
        "IoU.color_cone": 0.6897000122070313,
        "IoU.bump": 0.8094000244140624,
        "Acc.unlabelled": 0.9941999816894531,
        "Acc.car": 0.9629000091552734,
        "Acc.person": 0.8716000366210938,
        "Acc.bike": 0.8380000305175781,
        "Acc.curve": 0.7548999786376953,
        "Acc.car_stop": 0.8898000335693359,
        "Acc.guardrail": 0.8352999877929688,
        "Acc.color_cone": 0.7816999816894531,
        "Acc.bump": 0.8841999816894531
    }
}