{
    "config": "/data/timer/Segmentation/SegNext/local_configs/segnext/large/segnext.large.512x512.ade.160k.py",
    "metric": {
        "aAcc": 0.9818000000000001,
        "mIoU": 0.5943999999999999,
        "mAcc": 0.7114,
        "IoU.unlabelled": 0.9825,
        "IoU.car": 0.8861000061035156,
        "IoU.person": 0.7455000305175781,
        "IoU.bike": 0.6544000244140625,
        "IoU.curve": 0.4765999984741211,
        "IoU.car_stop": 0.4165999984741211,
        "IoU.guardrail": 0.08109999656677246,
        "IoU.color_cone": 0.5256000137329102,
        "IoU.bump": 0.5811999893188476,
        "Acc.unlabelled": 0.9915000152587891,
        "Acc.car": 0.9383999633789063,
        "Acc.person": 0.846500015258789,
        "Acc.bike": 0.7895999908447265,
        "Acc.curve": 0.6672000122070313,
        "Acc.car_stop": 0.5202999877929687,
        "Acc.guardrail": 0.3566999816894531,
        "Acc.color_cone": 0.6133000183105469,
        "Acc.bump": 0.6791999816894532
    }
}