{
    "config": "/data/timer/Segmentation/SegNeXt/local_configs/segnext/large/segnext.large.512x512.ade.160k.py",
    "metric": {
        "aAcc": 0.9823000000000001,
        "mIoU": 0.5965,
        "mAcc": 0.6864,
        "IoU.unlabelled": 0.9826000213623047,
        "IoU.car": 0.894000015258789,
        "IoU.person": 0.7422000122070312,
        "IoU.bike": 0.6593000030517578,
        "IoU.curve": 0.4391999816894531,
        "IoU.car_stop": 0.4506999969482422,
        "IoU.guardrail": 0.10710000038146973,
        "IoU.color_cone": 0.5402000045776367,
        "IoU.bump": 0.5529999923706055,
        "Acc.unlabelled": 0.9923999786376954,
        "Acc.car": 0.9434999847412109,
        "Acc.person": 0.8370999908447265,
        "Acc.bike": 0.7820999908447266,
        "Acc.curve": 0.5811000061035156,
        "Acc.car_stop": 0.5511000061035156,
        "Acc.guardrail": 0.21139999389648437,
        "Acc.color_cone": 0.5866999816894531,
        "Acc.bump": 0.6926000213623047
    }
}