{
    "config": "/data/timer/Segmentation/SegNeXt/local_configs/segnext/large/segnext.large.512x512.ade.160k.py",
    "metric": {
        "aAcc": 0.9868000000000001,
        "mIoU": 0.7955,
        "mAcc": 0.8702,
        "IoU.unlabelled": 0.9869999694824219,
        "IoU.car": 0.9187999725341797,
        "IoU.person": 0.7544999694824219,
        "IoU.bike": 0.7251999664306641,
        "IoU.curve": 0.6375,
        "IoU.car_stop": 0.8005000305175781,
        "IoU.guardrail": 0.8494000244140625,
        "IoU.color_cone": 0.6769000244140625,
        "IoU.bump": 0.8098000335693359,
        "Acc.unlabelled": 0.9940000152587891,
        "Acc.car": 0.9587999725341797,
        "Acc.person": 0.8580000305175781,
        "Acc.bike": 0.8266000366210937,
        "Acc.curve": 0.7518000030517578,
        "Acc.car_stop": 0.8881999969482421,
        "Acc.guardrail": 0.8922000122070313,
        "Acc.color_cone": 0.7818000030517578,
        "Acc.bump": 0.8808000183105469
    }
}