{
    "config": "/data/timer/Segmentation/SegNeXt/local_configs/segnext/large/segnext.large.512x512.ade.160k.py",
    "metric": {
        "aAcc": 0.9823999999999999,
        "mIoU": 0.5958,
        "mAcc": 0.7001000000000001,
        "IoU.unlabelled": 0.9827999877929687,
        "IoU.car": 0.8915000152587891,
        "IoU.person": 0.7423999786376954,
        "IoU.bike": 0.6694000244140625,
        "IoU.curve": 0.47209999084472654,
        "IoU.car_stop": 0.4216999816894531,
        "IoU.guardrail": 0.13329999923706054,
        "IoU.color_cone": 0.5406000137329101,
        "IoU.bump": 0.5084999847412109,
        "Acc.unlabelled": 0.992699966430664,
        "Acc.car": 0.9343000030517579,
        "Acc.person": 0.8277999877929687,
        "Acc.bike": 0.7983999633789063,
        "Acc.curve": 0.6316999816894531,
        "Acc.car_stop": 0.515,
        "Acc.guardrail": 0.39560001373291015,
        "Acc.color_cone": 0.5777999877929687,
        "Acc.bump": 0.6272999954223633
    }
}