{
    "config": "/data/timer/Segmentation/SegNext/local_configs/segnext/large/segnext.large.512x512.ade.160k.py",
    "metric": {
        "aAcc": 0.9823999999999999,
        "mIoU": 0.5954,
        "mAcc": 0.6854,
        "IoU.unlabelled": 0.9829000091552734,
        "IoU.car": 0.8912999725341797,
        "IoU.person": 0.7526000213623046,
        "IoU.bike": 0.6565000152587891,
        "IoU.curve": 0.46490001678466797,
        "IoU.car_stop": 0.39099998474121095,
        "IoU.guardrail": 0.07940000057220459,
        "IoU.color_cone": 0.5422000122070313,
        "IoU.bump": 0.5981000137329101,
        "Acc.unlabelled": 0.9930000305175781,
        "Acc.car": 0.9369999694824219,
        "Acc.person": 0.8462999725341797,
        "Acc.bike": 0.7633000183105468,
        "Acc.curve": 0.6325999832153321,
        "Acc.car_stop": 0.4545999908447266,
        "Acc.guardrail": 0.2979999923706055,
        "Acc.color_cone": 0.5956999969482422,
        "Acc.bump": 0.6476999664306641
    }
}