{
    "config": "/data/timer/Segmentation/SegNext/local_configs/segnext/large/segnext.large.512x512.ade.160k.py",
    "metric": {
        "aAcc": 0.982,
        "mIoU": 0.5972999999999999,
        "mAcc": 0.7112999999999999,
        "IoU.unlabelled": 0.9826000213623047,
        "IoU.car": 0.8862000274658203,
        "IoU.person": 0.75,
        "IoU.bike": 0.6552999877929687,
        "IoU.curve": 0.47369998931884766,
        "IoU.car_stop": 0.4261000061035156,
        "IoU.guardrail": 0.08539999961853027,
        "IoU.color_cone": 0.5297000122070312,
        "IoU.bump": 0.5868000030517578,
        "Acc.unlabelled": 0.9916999816894532,
        "Acc.car": 0.936500015258789,
        "Acc.person": 0.8512000274658204,
        "Acc.bike": 0.7880000305175782,
        "Acc.curve": 0.6565000152587891,
        "Acc.car_stop": 0.5325,
        "Acc.guardrail": 0.3484999847412109,
        "Acc.color_cone": 0.6170000076293946,
        "Acc.bump": 0.6794999694824219
    }
}