{
    "config": "/data/timer/Segmentation/SegNext/local_configs/segnext/large/segnext.large.512x512.ade.160k.py",
    "metric": {
        "aAcc": 0.982,
        "mIoU": 0.5972999999999999,
        "mAcc": 0.7115,
        "IoU.unlabelled": 0.9826000213623047,
        "IoU.car": 0.8862000274658203,
        "IoU.person": 0.75,
        "IoU.bike": 0.6552999877929687,
        "IoU.curve": 0.4734000015258789,
        "IoU.car_stop": 0.4259000015258789,
        "IoU.guardrail": 0.08579999923706055,
        "IoU.color_cone": 0.5295999908447265,
        "IoU.bump": 0.5868000030517578,
        "Acc.unlabelled": 0.9916999816894532,
        "Acc.car": 0.936500015258789,
        "Acc.person": 0.8512999725341797,
        "Acc.bike": 0.7879000091552735,
        "Acc.curve": 0.6562999725341797,
        "Acc.car_stop": 0.5325,
        "Acc.guardrail": 0.3504999923706055,
        "Acc.color_cone": 0.6166999816894532,
        "Acc.bump": 0.6795999908447266
    }
}