{
    "config": "/data/timer/Segmentation/SegNeXt/local_configs/segnext/large/segnext.large.512x512.ade.160k.py",
    "metric": {
        "aAcc": 0.9873999999999999,
        "mIoU": 0.8009999999999999,
        "mAcc": 0.8744,
        "IoU.unlabelled": 0.9876000213623047,
        "IoU.car": 0.9212999725341797,
        "IoU.person": 0.7716000366210938,
        "IoU.bike": 0.7308999633789063,
        "IoU.curve": 0.6498000335693359,
        "IoU.car_stop": 0.8081999969482422,
        "IoU.guardrail": 0.8420999908447265,
        "IoU.color_cone": 0.6880000305175781,
        "IoU.bump": 0.8091999816894532,
        "Acc.unlabelled": 0.9941999816894531,
        "Acc.car": 0.9591000366210938,
        "Acc.person": 0.8729000091552734,
        "Acc.bike": 0.8312000274658203,
        "Acc.curve": 0.7608999633789062,
        "Acc.car_stop": 0.8948999786376953,
        "Acc.guardrail": 0.8826999664306641,
        "Acc.color_cone": 0.7948999786376953,
        "Acc.bump": 0.8788999938964843
    }
}