{
    "config": "/data/timer/Segmentation/SegNext/local_configs/segnext/large/segnext.large.512x512.ade.160k.py",
    "metric": {
        "aAcc": 0.982,
        "mIoU": 0.5974,
        "mAcc": 0.7116,
        "IoU.unlabelled": 0.9826000213623047,
        "IoU.car": 0.8862000274658203,
        "IoU.person": 0.75,
        "IoU.bike": 0.6554000091552734,
        "IoU.curve": 0.47330001831054686,
        "IoU.car_stop": 0.4259999847412109,
        "IoU.guardrail": 0.0859000015258789,
        "IoU.color_cone": 0.5297999954223633,
        "IoU.bump": 0.5872000122070312,
        "Acc.unlabelled": 0.9916999816894532,
        "Acc.car": 0.936500015258789,
        "Acc.person": 0.8512000274658204,
        "Acc.bike": 0.7880999755859375,
        "Acc.curve": 0.6562999725341797,
        "Acc.car_stop": 0.5322999954223633,
        "Acc.guardrail": 0.35139999389648435,
        "Acc.color_cone": 0.6170000076293946,
        "Acc.bump": 0.6801000213623047
    }
}