{
    "config": "/data/timer/Segmentation/SegNext/local_configs/segnext/large/segnext.large.512x512.ade.160k.py",
    "metric": {
        "aAcc": 0.9815,
        "mIoU": 0.5826,
        "mAcc": 0.6767,
        "IoU.unlabelled": 0.9819000244140625,
        "IoU.car": 0.8886000061035156,
        "IoU.person": 0.7273999786376953,
        "IoU.bike": 0.6509999847412109,
        "IoU.curve": 0.43810001373291013,
        "IoU.car_stop": 0.4284000015258789,
        "IoU.guardrail": 0.11529999732971191,
        "IoU.color_cone": 0.5268999862670899,
        "IoU.bump": 0.4856000137329102,
        "Acc.unlabelled": 0.9922000122070312,
        "Acc.car": 0.9390000152587891,
        "Acc.person": 0.8294999694824219,
        "Acc.bike": 0.7722000122070313,
        "Acc.curve": 0.5895000076293946,
        "Acc.car_stop": 0.5011000061035156,
        "Acc.guardrail": 0.26399999618530273,
        "Acc.color_cone": 0.5731000137329102,
        "Acc.bump": 0.6297000122070312
    }
}