{
    "config": "/data/timer/Segmentation/SegNeXt/local_configs/segnext/large/segnext.large.512x512.ade.160k.py",
    "metric": {
        "aAcc": 0.9954000000000001,
        "mIoU": 0.9278,
        "mAcc": 0.9695,
        "IoU.unlabelled": 0.9951999664306641,
        "IoU.car": 0.9708999633789063,
        "IoU.person": 0.8879000091552735,
        "IoU.bike": 0.9373999786376953,
        "IoU.curve": 0.8888999938964843,
        "IoU.car_stop": 0.9166999816894531,
        "IoU.guardrail": 0.9494999694824219,
        "IoU.color_cone": 0.8687999725341797,
        "IoU.bump": 0.935,
        "Acc.unlabelled": 0.9970999908447266,
        "Acc.car": 0.9895999908447266,
        "Acc.person": 0.9441000366210938,
        "Acc.bike": 0.976500015258789,
        "Acc.curve": 0.957699966430664,
        "Acc.car_stop": 0.9641999816894531,
        "Acc.guardrail": 0.9818000030517579,
        "Acc.color_cone": 0.9373999786376953,
        "Acc.bump": 0.9768000030517578
    }
}