{
    "config": "/data/timer/Segmentation/SegNext/local_configs/segnext/large/segnext.large.512x512.ade.160k.py",
    "metric": {
        "aAcc": 0.9818000000000001,
        "mIoU": 0.585,
        "mAcc": 0.6805,
        "IoU.unlabelled": 0.9823000335693359,
        "IoU.car": 0.8861000061035156,
        "IoU.person": 0.7394000244140625,
        "IoU.bike": 0.6530000305175782,
        "IoU.curve": 0.4577000045776367,
        "IoU.car_stop": 0.36650001525878906,
        "IoU.guardrail": 0.07820000171661377,
        "IoU.color_cone": 0.5318000030517578,
        "IoU.bump": 0.5702000045776368,
        "Acc.unlabelled": 0.992699966430664,
        "Acc.car": 0.9323000335693359,
        "Acc.person": 0.8358999633789063,
        "Acc.bike": 0.7598999786376953,
        "Acc.curve": 0.6470999908447266,
        "Acc.car_stop": 0.41569999694824217,
        "Acc.guardrail": 0.33029998779296876,
        "Acc.color_cone": 0.5840000152587891,
        "Acc.bump": 0.6265999984741211
    }
}